id	famille	ligne_def	ligne_1re	occurrences	section
AC-01	AC	7471	7471	1	38.2 Critères de correction (bloquants) — identifiants `AC-xx`
AC-02	AC	7472	7472	1	38.2 Critères de correction (bloquants) — identifiants `AC-xx`
AC-03	AC	7473	7473	1	38.2 Critères de correction (bloquants) — identifiants `AC-xx`
AC-04	AC	7474	7474	1	38.2 Critères de correction (bloquants) — identifiants `AC-xx`
AC-05	AC	7475	7475	1	38.2 Critères de correction (bloquants) — identifiants `AC-xx`
AC-06	AC	7476	7476	1	38.2 Critères de correction (bloquants) — identifiants `AC-xx`
AC-07	AC	7477	7477	1	38.2 Critères de correction (bloquants) — identifiants `AC-xx`
AC-08	AC	7478	7478	1	38.2 Critères de correction (bloquants) — identifiants `AC-xx`
AC-09	AC	7479	7479	1	38.2 Critères de correction (bloquants) — identifiants `AC-xx`
AC-10	AC	7480	7480	1	38.2 Critères de correction (bloquants) — identifiants `AC-xx`
AC-11	AC	7481	7481	1	38.2 Critères de correction (bloquants) — identifiants `AC-xx`
AC-12	AC	7482	7482	1	38.2 Critères de correction (bloquants) — identifiants `AC-xx`
AC-13	AC	7484	7484	1	38.2 Critères de correction (bloquants) — identifiants `AC-xx`
AC-14	AC	7485	7485	1	38.2 Critères de correction (bloquants) — identifiants `AC-xx`
AC-15	AC	7487	7487	1	38.2 Critères de correction (bloquants) — identifiants `AC-xx`
AC-16	AC	7488	7488	1	38.2 Critères de correction (bloquants) — identifiants `AC-xx`
AC-17	AC	7489	7489	1	38.2 Critères de correction (bloquants) — identifiants `AC-xx`
ADR-001	ADR	6895	2588	3	ADR-001 — glTF 2.0 / GLB comme format d'échange principal
ADR-002	ADR	6898	1993	2	ADR-002 — Rapier3D comme moteur physique
ADR-003	ADR	6901	3245	2	ADR-003 — Modèle de véhicule par raycast
ADR-004	ADR	1273	158	3	4.2 ADR-004 : mécanisme d'interopérabilité
ADR-005	ADR	6907	3079	3	ADR-005 — Autorité serveur, sans déterminisme physique inter-plateformes
ADR-006	ADR	6910	1255	4	ADR-006 — Rendu piloté depuis Java sur le contexte GL de Minecraft
ADR-007	ADR	6913	6913	3	ADR-007 — Deux backends de rendu maintenus, équivalence fonctionnelle et non pixellaire
ADR-008	ADR	6925	167	7	ADR-008 — PBR avec environnement synthétisé *(révisé en révision 2)*
ADR-009	ADR		1886	3	5.20 C-27 : Definitions data-driven
ADR-010	ADR		2269	2	5.41 C-50 : Axion Entity
ADR-011	ADR	6930	3604	4	ADR-011 — Déformation continue par champ de lattice *(révisé en révision 2)*
ADR-012	ADR	6935	4350	5	ADR-012 — Solveur de particules unifié à trois modes d'autorité *(révisé)*
ADR-013	ADR	6939	6583	2	ADR-013 — Pas d'ECS tiers, structures SoA propres
ADR-014	ADR	6942	6942	1	ADR-014 — Job system dédié au-dessus de rayon, jamais le pool global
ADR-015	ADR	6945	6945	2	ADR-015 — Indépendance vis-à-vis de RUSTFORGE-X, compatibilité par conception
ADR-016	ADR	6948	6948	1	ADR-016 — Empreinte Mixin fermée et minimale
ADR-017	ADR	6951	6951	1	ADR-017 — Persistance du seul état non dérivable
ADR-018	ADR	6954	3080	8	ADR-018 — Réplication de la déformation par événements et reconstruction déterministe
ADR-019	ADR	6966	6966	2	ADR-019 — Refit de collider par déformation des points d'enveloppe
ADR-020	ADR	6971	6971	1	ADR-020 — Graphe structurel pour la rupture et le détachement
ADR-021	ADR	6976	4791	4	ADR-021 — Carte d'ombre dédiée aux objets AXION
ADR-022	ADR	6981	4768	3	ADR-022 — Occlusion culling logiciel plutôt que requêtes GPU
ADR-023	ADR	6986	6986	1	ADR-023 — Niveaux de qualité et gouverneur
ADR-024	ADR	6991	6991	1	ADR-024 — Décalques en espace objet, suivant la déformation
ADR-025	ADR	6995	6995	2	ADR-025 — Système d'attache entre assemblies
ADR-026	ADR	6999	6633	4	ADR-026 — Chemins accélérés GL 4.x optionnels sur une base GL 3.3
ADR-123	ADR		7766	1	38.9 Registre des amendements postérieurs au gel
B-01	B	6428	5796	9	30.2 Ce qui est mesuré
B-02	B	6429	6429	3	30.2 Ce qui est mesuré
B-03	B	6430	6430	1	30.2 Ce qui est mesuré
B-04	B	6431	6431	2	30.2 Ce qui est mesuré
B-05	B	6432	6432	1	30.2 Ce qui est mesuré
B-06	B	6433	6433	2	30.2 Ce qui est mesuré
B-07	B	6434	6434	3	30.2 Ce qui est mesuré
B-08	B	6435	1619	4	30.2 Ce qui est mesuré
B-09	B	6436	3876	4	30.2 Ce qui est mesuré
B-10	B	6437	3876	3	30.2 Ce qui est mesuré
B-11	B	6438	6438	3	30.2 Ce qui est mesuré
B-12	B	6439	6439	1	30.2 Ce qui est mesuré
B-13	B	6440	6440	2	30.2 Ce qui est mesuré
B-14	B	6441	6441	1	30.2 Ce qui est mesuré
B-15	B	6442	6442	1	30.2 Ce qui est mesuré
B-16	B	6443	6443	2	30.2 Ce qui est mesuré
B-17	B	6444	6444	1	30.2 Ce qui est mesuré
B-18	B	6445	5796	8	30.2 Ce qui est mesuré
B-19	B	6446	3793	8	30.2 Ce qui est mesuré
B-20	B	6447	6447	1	30.2 Ce qui est mesuré
B-21	B	6448	3838	5	30.2 Ce qui est mesuré
B-22	B	6449	6449	2	30.2 Ce qui est mesuré
B-23	B	6450	1699	4	30.2 Ce qui est mesuré
B-24	B	6451	5235	3	30.2 Ce qui est mesuré
B-25	B	6452	3877	7	30.2 Ce qui est mesuré
B-26	B	6453	6453	1	30.2 Ce qui est mesuré
B-27	B	6454	6454	1	30.2 Ce qui est mesuré
B-28	B	6455	6455	1	30.2 Ce qui est mesuré
B-29	B	6456	6456	2	30.2 Ce qui est mesuré
B-30	B	6457	6457	7	30.2 Ce qui est mesuré
C-01	C	1459	403	12	5.1 C-01 : Forge Integration
C-02	C	1496	403	5	5.2 C-02 : Bootstrap
C-03	C	1515	403	6	5.3 C-03 : Native Loader
C-04	C	1529	404	5	5.4 C-04 : Configuration
C-05	C	1545	404	6	5.5 C-05 : Diagnostics & Logging
C-10	C	1554	398	6	5.6 C-10 : Native Core
C-11	C	1571	398	6	5.7 C-11 : Math
C-12	C	1581	398	7	5.8 C-12 : Job System
C-13	C	1593	399	6	5.9 C-13 : Memory / Arenas
C-14	C	1608	399	7	5.10 C-14 : FFI Bridge
C-15	C	1616	399	10	5.11 C-15 : Telemetry natif
C-16	C	1624	400	17	5.12 C-16 : Noyau déterministe
C-20	C	1726	392	7	5.13 C-20 : Asset Orchestrator
C-21	C	1752	392	10	5.14 C-21 : Importers
C-22	C	1777	392	15	5.15 C-22 : Asset Validator
C-23	C	1805	393	10	5.16 C-23 : Asset Optimizer
C-24	C	1829	393	9	5.17 C-24 : Conteneur A3D
C-25	C	1835	393	8	5.18 C-25 : Asset Cache
C-26	C	1849	394	6	5.19 C-26 : Textures & Matériaux (client)
C-27	C	1867	394	6	5.20 C-27 : Definitions data-driven
C-28	C	1890	395	28	5.21 C-28 : Compilateur de déformation et de structure
C-30	C	1972	382	8	5.22 C-30 : Scene Graph
C-31	C	1991	382	14	5.23 C-31 : Physics World
C-32	C	2016	382	8	5.24 C-32 : Collider Builder
C-33	C	2027	383	8	5.25 C-33 : Vehicle System
C-34	C	2033	383	8	5.26 C-34 : Joints & Constraints
C-35	C	2045	383	16	5.27 C-35 : Damage Model
C-36	C	2051	384	11	5.28 C-36 : Particle Solver
C-37	C	2057	384	8	5.29 C-37 : Animation System
C-38	C	2063	165	11	5.30 C-38 : World Collision Provider
C-39	C	2082	385	7	5.31 C-39 : Spatial Queries
C-40	C	2092	385	12	5.32 C-40 : Simulation Scheduler
C-41	C	2122	386	26	5.33 C-41 : Impact Solver
C-42	C	2178	151	22	5.34 C-42 : Deformation Engine
C-43	C	2186	387	16	5.35 C-43 : Structural Integrity
C-44	C	2192	387	12	5.36 C-44 : Fracture & Detachment
C-45	C	2198	388	11	5.37 C-45 : Collider Refit
C-46	C	2206	388	8	5.38 C-46 : Repair System
C-47	C	2212	389	15	5.39 C-47 : Surface State & Wear
C-48	C	2244	389	9	5.40 C-48 : Attachment System
C-50	C	2267	378	13	5.41 C-50 : Axion Entity
C-51	C	2280	378	10	5.42 C-51 : Network Sync
C-52	C	2286	378	9	5.43 C-52 : Persistance
C-53	C	2292	379	6	5.44 C-53 : Interaction & Sièges
C-54	C	2310	379	7	5.45 C-54 : Bloc & BlockEntity 3D
C-55	C	2318	379	7	5.46 C-55 : Item 3D
C-60	C	2326	369	10	5.47 C-60 : Backend NATIVE_GL
C-61	C	2332	166	8	5.48 C-61 : Backend VANILLA_CONSUMER
C-62	C	2348	370	5	5.49 C-62 : GPU Resource Manager
C-63	C	2365	370	7	5.50 C-63 : Matériaux & Shaders
C-64	C	2375	371	12	5.51 C-64 : Culling & LOD
C-65	C	2394	160	8	5.52 C-65 : Instancing & Batching
C-66	C	2411	161	8	5.53 C-66 : Skinning GPU
C-67	C	2425	372	8	5.54 C-67 : Debug Renderer
C-68	C	2433	161	12	5.55 C-68 : Déformation GPU
C-69	C	2439	373	13	5.56 C-69 : Décalques & états de surface (rendu)
C-70	C	2445	364	5	5.57 C-70 : API publique
C-71	C	2449	364	5	5.58 C-71 : Commandes
C-72	C	2472	364	6	5.59 C-72 : Benchmark Harness
C-73	C	2476	365	5	5.60 C-73 : Overlay diagnostics
C-74	C	2484	365	6	5.61 C-74 : CLI `axion-cli`
C-75	C	2502	365	7	5.62 C-75 : Addon Blender
C-76	C	2506	366	17	5.63 C-76 : Bridge RUSTFORGE-X
C-77	C	2510	366	14	5.64 C-77 : Gouverneur de qualité
C-80	C	2547	374	10	5.65 C-80 : Ombres AXION
C-81	C	2553	374	10	5.66 C-81 : Sonde d'environnement & IBL synthétique
C-82	C	2559	375	12	5.67 C-82 : Occlusion culling logiciel
C-83	C	2565	375	10	5.68 C-83 : Effets intégrés (tone mapping, SSR)
DM-01	DM	689	689	1	3.1 DM-01 : identifiants
DM-02	DM	708	708	1	3.2 DM-02 : Transform
DM-03	DM	718	718	1	3.3 DM-03 : Node
DM-04	DM	752	752	1	3.4 DM-04 : Mesh et vertex
DM-05	DM	787	787	2	3.5 DM-05 : MaterialDesc (rendu)
DM-06	DM	820	820	1	3.6 DM-06 : Collider
DM-07	DM	854	854	3	3.7 DM-07 : PhysicsMaterial — modèle de matière étendu
DM-08	DM	899	899	1	3.8 DM-08 : BodyDesc et BodyState
DM-09	DM	922	922	1	3.9 DM-09 : Assembly
DM-10	DM	943	943	1	3.10 DM-10 : Skeleton et Animation
DM-11	DM	956	956	3	3.11 DM-11 : Part, zone de dommage et état
DM-12	DM	1001	1001	2	3.12 DM-12 : Régions de déformation et champ
DM-13	DM	1050	1050	2	3.13 DM-13 : Impact
DM-14	DM	1076	1076	3	3.14 DM-14 : Intégrité structurelle
DM-15	DM	1100	1100	2	3.15 DM-15 : Surface, usure et décalques
DM-16	DM	1130	1130	2	3.16 DM-16 : Particules (tissu, cordes, câbles, filets, corps souples)
DM-17	DM	1152	1152	3	3.17 DM-17 : Attache entre assemblies
DM-18	DM	1167	1167	4	3.18 DM-18 : Niveaux de qualité et budgets
DM-19	DM	1205	1205	1	3.19 DM-19 : codes d'erreur
E-1001	E		1490	2	5.1 C-01 : Forge Integration
E-1002	E		1303	2	4.3 IF-01 : ABI, versionnement, contrôle
E-1003	E		1524	2	5.3 C-03 : Native Loader
E-1004	E		1567	2	5.6 C-10 : Native Core
E-1010	E		1482	2	5.1 C-01 : Forge Integration
E-1050	E		561	2	2.4 Modèle de threads
E-2000	E		1431	2	4.9 IF-07 : erreurs et panics
E-2001	E		704	2	3.1 DM-01 : identifiants
E-2002	E		1334	3	4.4 IF-02 : mémoire partagée et anneaux de transfert
E-2003	E		1447	2	4.10 Propriété et durée de vie
E-2004	E		7788	1	ANNEXE A.1 — Codes d'erreur
E-2010	E		716	2	3.2 DM-02 : Transform
E-2020	E		849	2	3.6 DM-06 : Collider
E-2030	E		920	3	3.8 DM-08 : BodyDesc et BodyState
E-3001	E		1747	2	5.13 C-20 : Asset Orchestrator
E-3002	E		1771	2	5.14 C-21 : Importers
E-3003	E		1770	2	5.14 C-21 : Importers
E-3004	E		1772	2	5.14 C-21 : Importers
E-3005	E		1773	2	5.14 C-21 : Importers
E-3006	E		1862	2	5.19 C-26 : Textures & Matériaux (client)
E-3007	E		2746	2	7.3 Sections normatives
E-3008	E		2751	2	7.4 Versionnement et migration
E-3009	E		2828	2	8.2 Convention par les `extras` glTF
E-3010	E		706	2	3.1 DM-01 : identifiants
E-3020	E		715	2	3.2 DM-02 : Transform
E-3021	E		749	1	3.3 DM-03 : Node
E-3022	E		750	1	3.3 DM-03 : Node
E-3023	E		750	1	3.3 DM-03 : Node
E-3030	E		784	1	3.4 DM-04 : Mesh et vertex
E-3031	E		785	1	3.4 DM-04 : Mesh et vertex
E-3040	E		850	1	3.6 DM-06 : Collider
E-3050	E		940	1	3.9 DM-09 : Assembly
E-3060	E		954	2	3.10 DM-10 : Skeleton et Animation
E-4001	E		2370	2	5.50 C-63 : Matériaux & Shaders
E-4002	E		7804	1	ANNEXE A.1 — Codes d'erreur
E-5001	E		5049	2	21.4 Paquets
E-5002	E		7806	1	ANNEXE A.1 — Codes d'erreur
E-6001	E		7807	1	ANNEXE A.1 — Codes d'erreur
E-6002	E		7808	1	ANNEXE A.1 — Codes d'erreur
E-7001	E		1885	2	5.20 C-27 : Definitions data-driven
E-7002	E		2942	2	9.2 États de node (SM-03)
E-7003	E		5581	2	23.4 Schéma de Definition (normatif)
E-8001	E		1603	3	5.9 C-13 : Memory / Arenas
E-8010	E		1963	2	5.21 C-28 : Compilateur de déformation et de structure
E-8011	E		1963	2	5.21 C-28 : Compilateur de déformation et de structure
E-8020	E		2170	4	5.33 C-41 : Impact Solver
E-8030	E		2259	2	5.40 C-48 : Attachment System
EX-01	EX	7512	7512	1	38.4 Critères d'extensibilité — identifiants `EX-xx`
EX-02	EX	7513	7513	1	38.4 Critères d'extensibilité — identifiants `EX-xx`
EX-03	EX	7515	7515	1	38.4 Critères d'extensibilité — identifiants `EX-xx`
EX-04	EX	7517	7517	1	38.4 Critères d'extensibilité — identifiants `EX-xx`
EX-05	EX	7520	7520	1	38.4 Critères d'extensibilité — identifiants `EX-xx`
EX-06	EX	7521	7521	1	38.4 Critères d'extensibilité — identifiants `EX-xx`
EX-07	EX	7522	7522	2	38.4 Critères d'extensibilité — identifiants `EX-xx`
FM-01	FM		1490	1	5.1 C-01 : Forge Integration
FM-02	FM		1490	1	5.1 C-01 : Forge Integration
FM-03	FM		1490	1	5.1 C-01 : Forge Integration
FM-10	FM		1963	1	5.21 C-28 : Compilateur de déformation et de structure
FM-11	FM		1963	1	5.21 C-28 : Compilateur de déformation et de structure
FM-12	FM		1963	1	5.21 C-28 : Compilateur de déformation et de structure
FM-20	FM		2012	1	5.23 C-31 : Physics World
FM-21	FM		2012	1	5.23 C-31 : Physics World
FM-22	FM		2012	1	5.23 C-31 : Physics World
FM-30	FM		2170	1	5.33 C-41 : Impact Solver
FM-31	FM		2170	1	5.33 C-41 : Impact Solver
FM-32	FM		2170	1	5.33 C-41 : Impact Solver
H-01	H	158	158	2	0.5 Hypothèses explicites
H-02	H	159	159	1	0.5 Hypothèses explicites
H-03	H	160	160	3	0.5 Hypothèses explicites
H-04	H	161	161	2	0.5 Hypothèses explicites
H-05	H	162	162	4	0.5 Hypothèses explicites
H-06	H	163	163	2	0.5 Hypothèses explicites
H-07	H	164	164	2	0.5 Hypothèses explicites
H-08	H	165	165	1	0.5 Hypothèses explicites
H-09	H	166	166	1	0.5 Hypothèses explicites
H-10	H	167	167	3	0.5 Hypothèses explicites
H-11	H	168	168	3	0.5 Hypothèses explicites
H-12	H	169	169	1	0.5 Hypothèses explicites
H-13	H	170	170	1	0.5 Hypothèses explicites
H-14	H	171	171	2	0.5 Hypothèses explicites
IF-01	IF	1291	1291	2	4.3 IF-01 : ABI, versionnement, contrôle
IF-02	IF	1310	1310	1	4.4 IF-02 : mémoire partagée et anneaux de transfert
IF-03	IF	1337	1337	1	4.5 IF-03 : cycle de simulation
IF-04	IF	1363	1363	2	4.6 IF-04 : déformation
IF-05	IF	1388	1388	1	4.7 IF-05 : cycle de rendu
IF-06	IF	1410	1410	1	4.8 IF-06 : assets, particules, structure
IF-07	IF	1429	1429	2	4.9 IF-07 : erreurs et panics
IF-10	IF		1470	1	5.1 C-01 : Forge Integration
INV-01	INV	7821	315	7	ANNEXE A.2 — Index des invariants
INV-02	INV	7822	317	8	ANNEXE A.2 — Index des invariants
INV-03	INV	7823	318	6	ANNEXE A.2 — Index des invariants
INV-04	INV	7824	319	7	ANNEXE A.2 — Index des invariants
INV-05	INV	7825	323	4	ANNEXE A.2 — Index des invariants
INV-06	INV	7826	325	6	ANNEXE A.2 — Index des invariants
INV-07	INV	7827	547	6	ANNEXE A.2 — Index des invariants
INV-08	INV	7828	1229	4	ANNEXE A.2 — Index des invariants
INV-09	INV	7829	1230	3	ANNEXE A.2 — Index des invariants
INV-10	INV	7830	1231	9	ANNEXE A.2 — Index des invariants
INV-11	INV	7831	1232	3	ANNEXE A.2 — Index des invariants
INV-12	INV	7832	538	6	ANNEXE A.2 — Index des invariants
INV-13	INV	7833	328	10	ANNEXE A.2 — Index des invariants
INV-14	INV	7709	1235	11	Invariants modifiés
INV-15	INV	7836	329	8	ANNEXE A.2 — Index des invariants
INV-16	INV	7710	1237	8	Invariants modifiés
INV-17	INV	7839	1238	7	ANNEXE A.2 — Index des invariants
INV-18	INV	7840	1239	5	ANNEXE A.2 — Index des invariants
INV-19	INV	7841	1240	9	ANNEXE A.2 — Index des invariants
P-01	P	315	315	5	1.4 Principes directeurs
P-02	P	316	316	4	1.4 Principes directeurs
P-03	P	317	317	1	1.4 Principes directeurs
P-04	P	318	318	1	1.4 Principes directeurs
P-05	P	319	319	1	1.4 Principes directeurs
P-06	P	320	320	1	1.4 Principes directeurs
P-07	P	321	321	2	1.4 Principes directeurs
P-08	P	322	322	1	1.4 Principes directeurs
P-09	P	323	323	1	1.4 Principes directeurs
P-10	P	324	324	1	1.4 Principes directeurs
P-11	P	325	325	1	1.4 Principes directeurs
P-12	P	326	326	2	1.4 Principes directeurs
P-13	P	327	327	1	1.4 Principes directeurs
P-14	P	328	328	3	1.4 Principes directeurs
P-15	P	329	329	3	1.4 Principes directeurs
PF-01	PF	7495	7495	1	38.3 Critères de performance — identifiants `PF-xx`
PF-02	PF	7496	7496	1	38.3 Critères de performance — identifiants `PF-xx`
PF-03	PF	7497	7497	1	38.3 Critères de performance — identifiants `PF-xx`
PF-04	PF	7499	7499	1	38.3 Critères de performance — identifiants `PF-xx`
PF-05	PF	7500	7500	1	38.3 Critères de performance — identifiants `PF-xx`
PF-06	PF	7501	7501	1	38.3 Critères de performance — identifiants `PF-xx`
PF-07	PF	7502	7502	1	38.3 Critères de performance — identifiants `PF-xx`
PF-08	PF	7503	7503	1	38.3 Critères de performance — identifiants `PF-xx`
PF-09	PF	7504	7504	1	38.3 Critères de performance — identifiants `PF-xx`
PF-10	PF	7506	7506	1	38.3 Critères de performance — identifiants `PF-xx`
Q-0	Q	7256	195	22	M6 — Impacts et déformation continue *(jalon central)*
Q-1	Q		3708	10	14.5 Niveaux de qualité de déformation
Q-2	Q		3598	6	14.1 Évaluation des approches
Q-3	Q		1048	11	3.12 DM-12 : Régions de déformation et champ
Q-4	Q		195	19	0.6 Terminologie
R-001	R	119	119	1	0.3 Niveaux de maturité
R-002	R	120	120	1	0.3 Niveaux de maturité
R-003	R	121	121	3	0.3 Niveaux de maturité
R-010	R	296	296	1	1.3 Objectifs
R-011	R	297	297	1	1.3 Objectifs
R-012	R	298	298	1	1.3 Objectifs
R-013	R	299	299	1	1.3 Objectifs
R-014	R	300	300	1	1.3 Objectifs
R-015	R	301	301	1	1.3 Objectifs
R-016	R	302	302	1	1.3 Objectifs
R-017	R	303	303	1	1.3 Objectifs
R-018	R	304	304	1	1.3 Objectifs
R-019	R	305	305	1	1.3 Objectifs
R-020	R	306	306	1	1.3 Objectifs
R-021	R	307	307	2	1.3 Objectifs
R-022	R	308	308	1	1.3 Objectifs
R-023	R	309	309	1	1.3 Objectifs
R-030	R	560	560	1	2.4 Modèle de threads
R-031	R	561	561	1	2.4 Modèle de threads
R-032	R	562	562	1	2.4 Modèle de threads
R-040	R	629	629	2	2.7 Séparation client / serveur
R-041	R	630	630	1	2.7 Séparation client / serveur
R-042	R	631	631	1	2.7 Séparation client / serveur
R-100	R	684	684	1	PARTIE 3 : MODÈLE DE DONNÉES CANONIQUE
R-101	R	685	685	1	PARTIE 3 : MODÈLE DE DONNÉES CANONIQUE
R-102	R	686	686	2	PARTIE 3 : MODÈLE DE DONNÉES CANONIQUE
R-103	R	687	687	1	PARTIE 3 : MODÈLE DE DONNÉES CANONIQUE
R-110	R	704	704	1	3.1 DM-01 : identifiants
R-111	R	705	705	1	3.1 DM-01 : identifiants
R-112	R	706	706	1	3.1 DM-01 : identifiants
R-120	R	715	715	2	3.2 DM-02 : Transform
R-121	R	716	716	1	3.2 DM-02 : Transform
R-130	R	749	749	1	3.3 DM-03 : Node
R-131	R	750	750	1	3.3 DM-03 : Node
R-132	R		750	1	3.3 DM-03 : Node
R-140	R	782	782	1	3.4 DM-04 : Mesh et vertex
R-141	R	783	783	1	3.4 DM-04 : Mesh et vertex
R-142	R	784	784	1	3.4 DM-04 : Mesh et vertex
R-143	R	785	785	1	3.4 DM-04 : Mesh et vertex
R-150	R	817	817	1	3.5 DM-05 : MaterialDesc (rendu)
R-151	R	818	818	1	3.5 DM-05 : MaterialDesc (rendu)
R-160	R	849	849	1	3.6 DM-06 : Collider
R-161	R	850	850	1	3.6 DM-06 : Collider
R-162	R	851	851	1	3.6 DM-06 : Collider
R-163	R	852	852	1	3.6 DM-06 : Collider
R-170	R	896	896	1	3.7 DM-07 : PhysicsMaterial — modèle de matière étendu
R-171	R	897	897	1	3.7 DM-07 : PhysicsMaterial — modèle de matière étendu
R-180	R	919	919	1	3.8 DM-08 : BodyDesc et BodyState
R-181	R	920	920	1	3.8 DM-08 : BodyDesc et BodyState
R-190	R	940	940	1	3.9 DM-09 : Assembly
R-191	R	941	941	1	3.9 DM-09 : Assembly
R-200	R	954	954	1	3.10 DM-10 : Skeleton et Animation
R-210	R	1045	1045	1	3.12 DM-12 : Régions de déformation et champ
R-211	R	1046	1046	1	3.12 DM-12 : Régions de déformation et champ
R-212	R	1047	1047	1	3.12 DM-12 : Régions de déformation et champ
R-213	R	1048	1048	1	3.12 DM-12 : Régions de déformation et champ
R-220	R	1073	1073	1	3.13 DM-13 : Impact
R-221	R	1074	1074	1	3.13 DM-13 : Impact
R-230	R	1127	1127	1	3.15 DM-15 : Surface, usure et décalques
R-231	R	1128	1128	2	3.15 DM-15 : Surface, usure et décalques
R-240	R	1202	1202	1	3.18 DM-18 : Niveaux de qualité et budgets
R-241	R	1203	1203	1	3.18 DM-18 : Niveaux de qualité et budgets
R-250	R		1271	1	4.1 Répartition des responsabilités
R-260	R	1303	1303	1	4.3 IF-01 : ABI, versionnement, contrôle
R-261	R	1304	1304	1	4.3 IF-01 : ABI, versionnement, contrôle
R-262	R	1305	1305	1	4.3 IF-01 : ABI, versionnement, contrôle
R-263	R	1306	1306	1	4.3 IF-01 : ABI, versionnement, contrôle
R-264	R	1307	1307	1	4.3 IF-01 : ABI, versionnement, contrôle
R-265	R	1308	1308	1	4.3 IF-01 : ABI, versionnement, contrôle
R-270	R	1334	1334	1	4.4 IF-02 : mémoire partagée et anneaux de transfert
R-271	R	1335	1335	1	4.4 IF-02 : mémoire partagée et anneaux de transfert
R-280	R	1358	1358	1	4.5 IF-03 : cycle de simulation
R-281	R	1359	1359	1	4.5 IF-03 : cycle de simulation
R-282	R	1360	1360	3	4.5 IF-03 : cycle de simulation
R-283	R	1361	1361	1	4.5 IF-03 : cycle de simulation
R-290	R	1385	1385	1	4.6 IF-04 : déformation
R-291	R	1386	1386	1	4.6 IF-04 : déformation
R-300	R	1407	1407	1	4.7 IF-05 : cycle de rendu
R-301	R	1408	1408	1	4.7 IF-05 : cycle de rendu
R-310	R	1431	1431	1	4.9 IF-07 : erreurs et panics
R-311	R	1432	1432	1	4.9 IF-07 : erreurs et panics
R-312	R	1433	1433	1	4.9 IF-07 : erreurs et panics
R-313	R	1434	1434	1	4.9 IF-07 : erreurs et panics
R-320	R	1446	1446	1	4.10 Propriété et durée de vie
R-321	R	1447	1447	1	4.10 Propriété et durée de vie
R-322	R	1448	1448	1	4.10 Propriété et durée de vie
R-330	R	1452	1452	1	4.11 Calibration FFI
R-400	R	1484	1484	2	5.1 C-01 : Forge Integration
R-401	R	1485	1485	1	5.1 C-01 : Forge Integration
R-402	R	1486	1486	2	5.1 C-01 : Forge Integration
R-410	R	1511	1511	3	5.2 C-02 : Bootstrap
R-420	R	1524	1524	1	5.3 C-03 : Native Loader
R-421	R	1525	1525	1	5.3 C-03 : Native Loader
R-430	R	1539	1539	1	5.4 C-04 : Configuration
R-431	R	1540	1540	1	5.4 C-04 : Configuration
R-432	R	1541	1541	1	5.4 C-04 : Configuration
R-440	R	1547	1547	1	5.5 C-05 : Diagnostics & Logging
R-441	R	1548	1548	1	5.5 C-05 : Diagnostics & Logging
R-442	R	1549	1549	1	5.5 C-05 : Diagnostics & Logging
R-443	R	1550	1550	1	5.5 C-05 : Diagnostics & Logging
R-450	R	1567	1567	1	5.6 C-10 : Native Core
R-460	R	1575	1575	1	5.7 C-11 : Math
R-461	R	1576	1576	1	5.7 C-11 : Math
R-462	R	1577	1577	1	5.7 C-11 : Math
R-470	R	1585	1585	2	5.8 C-12 : Job System
R-471	R	1586	1586	1	5.8 C-12 : Job System
R-472	R	1587	1587	1	5.8 C-12 : Job System
R-473	R	1588	1588	1	5.8 C-12 : Job System
R-474	R	1589	1589	1	5.8 C-12 : Job System
R-480	R	1602	1602	1	5.9 C-13 : Memory / Arenas
R-481	R	1603	1603	1	5.9 C-13 : Memory / Arenas
R-482	R	1604	1604	1	5.9 C-13 : Memory / Arenas
R-490	R	1610	1610	1	5.10 C-14 : FFI Bridge
R-491	R	1611	1611	1	5.10 C-14 : FFI Bridge
R-492	R	1612	1612	1	5.10 C-14 : FFI Bridge
R-500	R	1618	1618	1	5.11 C-15 : Telemetry natif
R-501	R	1619	1619	1	5.11 C-15 : Telemetry natif
R-502	R	1620	1620	1	5.11 C-15 : Telemetry natif
R-510	R	1645	1645	5	5.12 C-16 : Noyau déterministe
R-511	R	1646	1646	3	5.12 C-16 : Noyau déterministe
R-512	R	1647	1647	1	5.12 C-16 : Noyau déterministe
R-513	R	1648	1648	2	5.12 C-16 : Noyau déterministe
R-514	R	1697	1697	3	5.12bis Portée de la garantie déterministe
R-515	R	1700	1700	2	5.12bis Portée de la garantie déterministe
R-516	R	1703	1703	1	5.12bis Portée de la garantie déterministe
R-517	R	1706	1706	2	5.12bis Portée de la garantie déterministe
R-520	R	1746	1746	1	5.13 C-20 : Asset Orchestrator
R-521	R	1747	1747	1	5.13 C-20 : Asset Orchestrator
R-522	R	1748	1748	1	5.13 C-20 : Asset Orchestrator
R-530	R	1770	1770	1	5.14 C-21 : Importers
R-531	R	1771	1771	1	5.14 C-21 : Importers
R-532	R	1772	1772	1	5.14 C-21 : Importers
R-533	R	1773	1773	1	5.14 C-21 : Importers
R-540	R	1799	1799	1	5.15 C-22 : Asset Validator
R-541	R	1800	1800	1	5.15 C-22 : Asset Validator
R-542	R	1801	1801	1	5.15 C-22 : Asset Validator
R-550	R	1822	1822	1	5.16 C-23 : Asset Optimizer
R-551	R	1823	1823	1	5.16 C-23 : Asset Optimizer
R-552	R	1824	1824	1	5.16 C-23 : Asset Optimizer
R-553	R	1825	1825	1	5.16 C-23 : Asset Optimizer
R-560	R	1842	1842	1	5.18 C-25 : Asset Cache
R-561	R	1843	1843	1	5.18 C-25 : Asset Cache
R-562	R	1844	1844	1	5.18 C-25 : Asset Cache
R-563	R	1845	1845	1	5.18 C-25 : Asset Cache
R-570	R	1862	1862	1	5.19 C-26 : Textures & Matériaux (client)
R-571	R	1863	1863	1	5.19 C-26 : Textures & Matériaux (client)
R-580	R	1885	1885	1	5.20 C-27 : Definitions data-driven
R-581	R	1886	1886	1	5.20 C-27 : Definitions data-driven
R-590	R	1957	1957	1	5.21 C-28 : Compilateur de déformation et de structure
R-591	R	1958	1958	1	5.21 C-28 : Compilateur de déformation et de structure
R-592	R	1959	1959	1	5.21 C-28 : Compilateur de déformation et de structure
R-600	R	1984	1984	1	5.22 C-30 : Scene Graph
R-601	R	1985	1985	2	5.22 C-30 : Scene Graph
R-610	R	2005	2005	1	5.23 C-31 : Physics World
R-611	R	2006	2006	1	5.23 C-31 : Physics World
R-612	R	2007	2007	1	5.23 C-31 : Physics World
R-613	R	2008	2008	1	5.23 C-31 : Physics World
R-614	R	2009	2009	2	5.23 C-31 : Physics World
R-615	R	2010	2010	1	5.23 C-31 : Physics World
R-620	R	2020	2020	1	5.24 C-32 : Collider Builder
R-621	R	2021	2021	1	5.24 C-32 : Collider Builder
R-622	R	2022	2022	1	5.24 C-32 : Collider Builder
R-623	R	2023	2023	1	5.24 C-32 : Collider Builder
R-630	R	2039	2039	1	5.26 C-34 : Joints & Constraints
R-631	R	2040	2040	1	5.26 C-34 : Joints & Constraints
R-632	R	2041	2041	1	5.26 C-34 : Joints & Constraints
R-640	R	2075	2075	1	5.30 C-38 : World Collision Provider
R-641	R	2076	2076	1	5.30 C-38 : World Collision Provider
R-642	R	2077	2077	1	5.30 C-38 : World Collision Provider
R-643	R	2078	2078	1	5.30 C-38 : World Collision Provider
R-650	R	2086	2086	1	5.31 C-39 : Spatial Queries
R-651	R	2087	2087	1	5.31 C-39 : Spatial Queries
R-652	R	2088	2088	1	5.31 C-39 : Spatial Queries
R-660	R	2116	2116	1	5.32 C-40 : Simulation Scheduler
R-661	R	2117	2117	1	5.32 C-40 : Simulation Scheduler
R-662	R	2118	2118	1	5.32 C-40 : Simulation Scheduler
R-670	R	2163	2163	1	5.33 C-41 : Impact Solver
R-671	R	2164	2164	1	5.33 C-41 : Impact Solver
R-672	R	2165	2165	1	5.33 C-41 : Impact Solver
R-673	R	2166	2166	1	5.33 C-41 : Impact Solver
R-680	R	2232	2232	1	5.39 C-47 : Surface State & Wear
R-681	R	2233	2233	2	5.39 C-47 : Surface State & Wear
R-682	R	2234	2234	1	5.39 C-47 : Surface State & Wear
R-690	R	2259	2259	1	5.40 C-48 : Attachment System
R-691	R	2260	2260	1	5.40 C-48 : Attachment System
R-692	R	2261	2261	1	5.40 C-48 : Attachment System
R-700	R	2271	2271	1	5.41 C-50 : Axion Entity
R-701	R	2272	2272	2	5.41 C-50 : Axion Entity
R-702	R	2273	2273	1	5.41 C-50 : Axion Entity
R-703	R	2274	2274	1	5.41 C-50 : Axion Entity
R-704	R	2275	2275	1	5.41 C-50 : Axion Entity
R-705	R	2276	2276	1	5.41 C-50 : Axion Entity
R-710	R	2304	2304	1	5.44 C-53 : Interaction & Sièges
R-711	R	2305	2305	1	5.44 C-53 : Interaction & Sièges
R-712	R	2306	2306	2	5.44 C-53 : Interaction & Sièges
R-720	R	2312	2312	1	5.45 C-54 : Bloc & BlockEntity 3D
R-721	R	2313	2313	1	5.45 C-54 : Bloc & BlockEntity 3D
R-722	R	2314	2314	2	5.45 C-54 : Bloc & BlockEntity 3D
R-730	R	2320	2320	1	5.46 C-55 : Item 3D
R-731	R	2321	2321	1	5.46 C-55 : Item 3D
R-732	R	2322	2322	2	5.46 C-55 : Item 3D
R-740	R	2336	2336	2	5.48 C-61 : Backend VANILLA_CONSUMER
R-741	R	2339	2339	1	5.48 C-61 : Backend VANILLA_CONSUMER
R-742	R	2340	2340	1	5.48 C-61 : Backend VANILLA_CONSUMER
R-743	R	2341	2341	1	5.48 C-61 : Backend VANILLA_CONSUMER
R-744	R	2342	2342	1	5.48 C-61 : Backend VANILLA_CONSUMER
R-750	R	2359	2359	1	5.49 C-62 : GPU Resource Manager
R-751	R	2360	2360	1	5.49 C-62 : GPU Resource Manager
R-752	R	2361	2361	1	5.49 C-62 : GPU Resource Manager
R-760	R	2369	2369	1	5.50 C-63 : Matériaux & Shaders
R-761	R	2370	2370	1	5.50 C-63 : Matériaux & Shaders
R-762	R	2371	2371	1	5.50 C-63 : Matériaux & Shaders
R-770	R	2388	2388	1	5.51 C-64 : Culling & LOD
R-771	R	2389	2389	1	5.51 C-64 : Culling & LOD
R-772	R	2390	2390	1	5.51 C-64 : Culling & LOD
R-780	R	2405	2405	1	5.52 C-65 : Instancing & Batching
R-781	R	2406	2406	1	5.52 C-65 : Instancing & Batching
R-782	R	2407	2407	1	5.52 C-65 : Instancing & Batching
R-790	R	2419	2419	1	5.53 C-66 : Skinning GPU
R-791	R	2420	2420	1	5.53 C-66 : Skinning GPU
R-792	R	2421	2421	3	5.53 C-66 : Skinning GPU
R-800	R	2429	2429	1	5.54 C-67 : Debug Renderer
R-810	R	2467	2467	1	5.58 C-71 : Commandes
R-811	R	2468	2468	1	5.58 C-71 : Commandes
R-820	R	2480	2480	1	5.60 C-73 : Overlay diagnostics
R-830	R	2498	2498	3	5.61 C-74 : CLI `axion-cli`
R-840	R	2535	2535	1	5.64 C-77 : Gouverneur de qualité
R-841	R	2536	2536	4	5.64 C-77 : Gouverneur de qualité
R-842	R	2537	2537	1	5.64 C-77 : Gouverneur de qualité
R-850	R	2594	2594	1	6.2 Décisions figées
R-860	R	2632	2632	1	6.3 Pipeline complet
R-861	R	2633	2633	1	6.3 Pipeline complet
R-862	R	2634	2634	1	6.3 Pipeline complet
R-870	R	2662	2662	1	6.4 Options de compilation
R-871	R	2663	2663	1	6.4 Options de compilation
R-872	R	2664	2664	2	6.4 Options de compilation
R-880	R	2744	2744	1	7.3 Sections normatives
R-881	R	2745	2745	1	7.3 Sections normatives
R-882	R	2746	2746	1	7.3 Sections normatives
R-883	R	2747	2747	1	7.3 Sections normatives
R-890	R	2751	2751	1	7.4 Versionnement et migration
R-891	R	2752	2752	1	7.4 Versionnement et migration
R-892	R	2753	2753	1	7.4 Versionnement et migration
R-893	R	2754	2754	1	7.4 Versionnement et migration
R-900	R	2758	2758	1	7.5 Sécurité de lecture
R-901	R	2759	2759	1	7.5 Sécurité de lecture
R-902	R	2760	2760	1	7.5 Sécurité de lecture
R-903	R	2761	2761	1	7.5 Sécurité de lecture
R-910	R	2826	2826	1	8.2 Convention par les `extras` glTF
R-911	R	2827	2827	1	8.2 Convention par les `extras` glTF
R-912	R	2828	2828	1	8.2 Convention par les `extras` glTF
R-913	R	2829	2829	1	8.2 Convention par les `extras` glTF
R-920	R	2872	2872	1	8.3 Addon Blender (C-75)
R-921	R	2873	2873	1	8.3 Addon Blender (C-75)
R-922	R	2874	2874	1	8.3 Addon Blender (C-75)
R-923	R	2875	2875	1	8.3 Addon Blender (C-75)
R-930	R	2941	2941	1	9.2 États de node (SM-03)
R-931	R	2942	2942	1	9.2 États de node (SM-03)
R-932	R	2943	2943	1	9.2 États de node (SM-03)
R-933	R	2944	2944	1	9.2 États de node (SM-03)
R-940	R	2958	2958	2	9.3 Sockets
R-941	R	2959	2959	4	9.3 Sockets
R-950	R	2963	2963	1	9.4 Visibilité, LOD et révélation
R-951	R	2964	2964	1	9.4 Visibilité, LOD et révélation
R-952	R	2965	2965	1	9.4 Visibilité, LOD et révélation
R-960	R	2969	2969	2	9.5 Instanciation et partage
R-961	R	2970	2970	1	9.5 Instanciation et partage
R-962	R	2971	2971	1	9.5 Instanciation et partage
R-970	R	3000	3000	1	10.3 Formes de collision
R-971	R	3001	3001	1	10.3 Formes de collision
R-980	R	3012	3012	1	10.4 Broad phase / narrow phase
R-990	R	3027	3027	1	10.5 Intégration et solveur
R-991	R	3028	3028	1	10.5 Intégration et solveur
R-1000	R	3040	3040	1	10.6 Forces environnementales
R-1010	R	3060	3060	1	10.7 Événements physiques
R-1011	R	3061	3061	1	10.7 Événements physiques
R-1012	R	3062	3062	1	10.7 Événements physiques
R-1020	R	3081	3081	1	10.9 Déterminisme
R-1030	R	3161	3161	1	11.3 Sémantique normative des paramètres de déformation
R-1031	R	3162	3162	1	11.3 Sémantique normative des paramètres de déformation
R-1032	R	3163	3163	1	11.3 Sémantique normative des paramètres de déformation
R-1035	R	3221	3221	2	11.5 Cohérence dimensionnelle (référence normative)
R-1036	R	3224	3224	1	11.5 Cohérence dimensionnelle (référence normative)
R-1037	R	3227	3227	1	11.5 Cohérence dimensionnelle (référence normative)
R-1038	R	3231	3231	2	11.5 Cohérence dimensionnelle (référence normative)
R-1040	R	3177	3177	1	11.4 Mappage bloc → matériau
R-1041	R	3178	3178	1	11.4 Mappage bloc → matériau
R-1050	R	3264	3264	1	12.2 Modèle de roue
R-1051	R	3265	3265	1	12.2 Modèle de roue
R-1052	R	3266	3266	1	12.2 Modèle de roue
R-1053	R	3267	3267	1	12.2 Modèle de roue
R-1060	R	3279	3279	1	12.3 Suspension
R-1061	R	3280	3280	1	12.3 Suspension
R-1070	R	3296	3296	1	12.4 Modèle de pneu
R-1071	R	3297	3297	1	12.4 Modèle de pneu
R-1080	R	3314	3314	1	12.5 Groupe motopropulseur
R-1081	R	3315	3315	1	12.5 Groupe motopropulseur
R-1082	R	3316	3316	1	12.5 Groupe motopropulseur
R-1083	R	3317	3317	1	12.5 Groupe motopropulseur
R-1090	R	3330	3330	1	12.6 Direction et freinage
R-1091	R	3331	3331	1	12.6 Direction et freinage
R-1100	R	3341	3341	1	12.7 Aérodynamique
R-1110	R	3353	3353	1	12.8 Entrées
R-1120	R	3413	3413	1	13.2 Sources d'impact
R-1121	R	3414	3414	1	13.2 Sources d'impact
R-1130	R	3449	3449	1	13.3 Distribution de l'énergie (C-35)
R-1140	R	3450	3450	1	13.3 Distribution de l'énergie (C-35)
R-1150	R	3451	3451	1	13.3 Distribution de l'énergie (C-35)
R-1155	R	3500	3500	2	13.3bis Modèle d'indentation plastique (référence normative)
R-1156	R	3503	3503	1	13.3bis Modèle d'indentation plastique (référence normative)
R-1157	R	3507	3507	1	13.3bis Modèle d'indentation plastique (référence normative)
R-1158	R	3509	3509	2	13.3bis Modèle d'indentation plastique (référence normative)
R-1160	R	3452	3452	1	13.3 Distribution de l'énergie (C-35)
R-1170	R	3529	3529	1	13.4 Effets fonctionnels
R-1171	R	3530	3530	1	13.4 Effets fonctionnels
R-1180	R	3534	3534	1	13.5 Dommage continu
R-1181	R	3535	3535	1	13.5 Dommage continu
R-1190	R	3546	3546	1	13.6 Budgets et dégradation
R-1200	R	3631	3631	1	14.2 Modèle mathématique
R-1201	R	3632	3632	1	14.2 Modèle mathématique
R-1202	R	3633	3633	1	14.2 Modèle mathématique
R-1210	R	3648	3648	2	14.3 Composantes du champ
R-1211	R	3649	3649	1	14.3 Composantes du champ
R-1220	R	3699	3699	2	14.4 Application d'un impact (noyau déterministe)
R-1221	R	3700	3700	1	14.4 Application d'un impact (noyau déterministe)
R-1222	R	3701	3701	1	14.4 Application d'un impact (noyau déterministe)
R-1230	R	3713	3713	1	14.5 Niveaux de qualité de déformation
R-1231	R	3714	3714	1	14.5 Niveaux de qualité de déformation
R-1232	R	3715	3715	1	14.5 Niveaux de qualité de déformation
R-1233	R	3716	3716	1	14.5 Niveaux de qualité de déformation
R-1240	R	3761	3761	1	14.6 Pipeline de rendu de la déformation (C-68)
R-1241	R	3762	3762	1	14.6 Pipeline de rendu de la déformation (C-68)
R-1242	R	3763	3763	2	14.6 Pipeline de rendu de la déformation (C-68)
R-1243	R	3764	3764	1	14.6 Pipeline de rendu de la déformation (C-68)
R-1250	R	3777	3777	2	14.7 LOD de déformation
R-1251	R	3778	3778	1	14.7 LOD de déformation
R-1260	R	3793	3793	2	14.8 Compléments déclaratifs
R-1261	R	3794	3794	1	14.8 Compléments déclaratifs
R-1262	R	3795	3795	1	14.8 Compléments déclaratifs
R-1270	R	3835	3835	1	14.9 Déformation et collision (C-45)
R-1271	R	3836	3836	1	14.9 Déformation et collision (C-45)
R-1272	R	3837	3837	1	14.9 Déformation et collision (C-45)
R-1273	R	3838	3838	1	14.9 Déformation et collision (C-45)
R-1280	R	3842	3842	1	14.10 Déchirure
R-1281	R	3843	3843	1	14.10 Déchirure
R-1282	R	3844	3844	1	14.10 Déchirure
R-1283	R	3845	3845	1	14.10 Déchirure
R-1290	R	3860	3860	1	14.11 Budgets, mémoire et performance
R-1291	R	3861	3861	1	14.11 Budgets, mémoire et performance
R-1292	R	3862	3862	1	14.11 Budgets, mémoire et performance
R-1293	R	3863	3863	1	14.11 Budgets, mémoire et performance
R-1294	R	3864	3864	2	14.11 Budgets, mémoire et performance
R-1295	R	3865	3865	1	14.11 Budgets, mémoire et performance
R-1296	R	3881	3881	2	14.11bis Modèle de coût : portée exacte des garanties
R-1297	R	3885	3885	1	14.11bis Modèle de coût : portée exacte des garanties
R-1298	R	3888	3888	1	14.11bis Modèle de coût : portée exacte des garanties
R-1299	R	3891	3891	2	14.11bis Modèle de coût : portée exacte des garanties
R-1300	R	3897	3897	1	14.12 Réplication et persistance (résumé, détail en PARTIE 21 et 22)
R-1301	R	3898	3898	1	14.12 Réplication et persistance (résumé, détail en PARTIE 21 et 22)
R-1302	R	3899	3899	1	14.12 Réplication et persistance (résumé, détail en PARTIE 21 et 22)
R-1310	R	4067	4067	1	15.2 Propagation de l'énergie structurelle (C-43)
R-1311	R	4068	4068	1	15.2 Propagation de l'énergie structurelle (C-43)
R-1312	R	4069	4069	1	15.2 Propagation de l'énergie structurelle (C-43)
R-1315	R	4035	4035	2	15.1bis Estimation de l'aire de liaison (référence normative)
R-1316	R	4037	4037	1	15.1bis Estimation de l'aire de liaison (référence normative)
R-1317	R	4040	4040	2	15.1bis Estimation de l'aire de liaison (référence normative)
R-1320	R	4107	4107	1	15.3 Rupture et détachement (C-44)
R-1321	R	4108	4108	1	15.3 Rupture et détachement (C-44)
R-1322	R	4109	4109	1	15.3 Rupture et détachement (C-44)
R-1330	R	4125	4125	1	15.4 Débris
R-1331	R	4126	4126	1	15.4 Débris
R-1340	R	4130	4130	2	15.5 Effets sur les mécanismes
R-1341	R	4131	4131	1	15.5 Effets sur les mécanismes
R-1342	R	4132	4132	1	15.5 Effets sur les mécanismes
R-1350	R	4196	4196	1	16.2 Restauration du champ de déformation
R-1351	R	4197	4197	1	16.2 Restauration du champ de déformation
R-1352	R	4198	4198	1	16.2 Restauration du champ de déformation
R-1360	R	4219	4219	1	16.3 Règles data-driven
R-1361	R	4220	4220	1	16.3 Règles data-driven
R-1362	R	4221	4221	1	16.3 Règles data-driven
R-1370	R	4268	4268	1	17.2 Modes d'autorité
R-1371	R	4269	4269	1	17.2 Modes d'autorité
R-1372	R	4270	4270	2	17.2 Modes d'autorité
R-1373	R	4297	4297	3	17.2bis Autorité et reconstruction visuelle (référence normative)
R-1374	R	4302	4302	2	17.2bis Autorité et reconstruction visuelle (référence normative)
R-1375	R	4338	4338	1	17.2bis Autorité et reconstruction visuelle (référence normative)
R-1376	R	4340	4340	1	17.2bis Autorité et reconstruction visuelle (référence normative)
R-1377	R	4344	4344	2	17.2bis Autorité et reconstruction visuelle (référence normative)
R-1380	R	4368	4368	1	17.3 Solveur
R-1381	R	4369	4369	1	17.3 Solveur
R-1390	R	4380	4380	1	17.4 Limites et budgets
R-1391	R	4381	4381	1	17.4 Limites et budgets
R-1400	R	4410	4410	1	17.6 Cordes et câbles physiques
R-1401	R	4411	4411	1	17.6 Cordes et câbles physiques
R-1402	R	4412	4412	1	17.6 Cordes et câbles physiques
R-1410	R	4416	4416	1	17.7 Interaction avec la déformation
R-1420	R	4417	151	2	17.7 Interaction avec la déformation
R-1430	R	4467	4467	1	18.1 Types d'animation
R-1440	R	4480	4480	1	18.2 Échantillonnage et blending
R-1450	R	4499	4499	1	18.3 Animation procédurale déclarative
R-1460	R	4503	4503	1	18.4 Palettes de skinning et ordre d'application
R-1461	R	4504	4504	2	18.4 Palettes de skinning et ordre d'application
R-1462	R	4505	4505	1	18.4 Palettes de skinning et ordre d'application
R-1470	R	4554	4554	1	18.5 Couplage animation / physique / dégâts (scénario normatif de la porte)
R-1471	R	4555	4555	1	18.5 Couplage animation / physique / dégâts (scénario normatif de la porte)
R-1480	R	4559	4559	1	18.6 Root motion
R-1490	R	4623	4623	1	19.2 Les deux backends
R-1491	R	4624	4624	1	19.2 Les deux backends
R-1492	R	4625	4625	2	19.2 Les deux backends
R-1493	R	4661	4661	2	19.2bis Portée de l'équivalence entre backends (référence normative)
R-1494	R	4665	4665	2	19.2bis Portée de l'équivalence entre backends (référence normative)
R-1495	R	4668	4668	1	19.2bis Portée de l'équivalence entre backends (référence normative)
R-1496	R	4671	4671	2	19.2bis Portée de l'équivalence entre backends (référence normative)
R-1500	R	4677	4677	1	19.3 Gestion d'état OpenGL (règle critique)
R-1501	R	4678	4678	1	19.3 Gestion d'état OpenGL (règle critique)
R-1502	R	4679	4679	1	19.3 Gestion d'état OpenGL (règle critique)
R-1503	R	4680	4680	1	19.3 Gestion d'état OpenGL (règle critique)
R-1504	R	4681	4681	1	19.3 Gestion d'état OpenGL (règle critique)
R-1505	R	4682	4682	2	19.3 Gestion d'état OpenGL (règle critique)
R-1510	R	4751	4751	1	19.5 Modèle d'éclairage : PBR avec environnement synthétisé
R-1511	R	4752	4752	1	19.5 Modèle d'éclairage : PBR avec environnement synthétisé
R-1512	R	4753	4753	1	19.5 Modèle d'éclairage : PBR avec environnement synthétisé
R-1513	R	4754	4754	1	19.5 Modèle d'éclairage : PBR avec environnement synthétisé
R-1514	R	4755	4755	1	19.5 Modèle d'éclairage : PBR avec environnement synthétisé
R-1520	R	4761	4761	1	19.6 Déformation dans le pipeline de rendu
R-1521	R	4762	4762	1	19.6 Déformation dans le pipeline de rendu
R-1522	R	4763	4763	1	19.6 Déformation dans le pipeline de rendu
R-1523	R	4764	4764	1	19.6 Déformation dans le pipeline de rendu
R-1530	R	4785	4785	1	19.7 Occlusion culling logiciel (C-82)
R-1531	R	4786	4786	1	19.7 Occlusion culling logiciel (C-82)
R-1532	R	4787	4787	1	19.7 Occlusion culling logiciel (C-82)
R-1540	R	4810	4810	1	19.8 Ombres AXION (C-80)
R-1541	R	4811	4811	1	19.8 Ombres AXION (C-80)
R-1542	R	4812	4812	1	19.8 Ombres AXION (C-80)
R-1550	R	4818	4818	1	19.9 Effets intégrés (C-83)
R-1560	R	4822	4822	1	19.9 Effets intégrés (C-83)
R-1561	R	4823	4823	1	19.9 Effets intégrés (C-83)
R-1570	R	4839	4839	1	19.10 Passes de rendu
R-1580	R	4843	4843	1	19.11 Transparence
R-1581	R	4844	4844	1	19.11 Transparence
R-1590	R	4938	4938	1	20.1 États visuels
R-1591	R	4939	4939	1	20.1 États visuels
R-1600	R	4956	4956	1	20.2 Décalques (C-69)
R-1601	R	4957	4957	1	20.2 Décalques (C-69)
R-1602	R	4958	4958	1	20.2 Décalques (C-69)
R-1610	R	4973	4973	1	20.3 Profils d'usure
R-1620	R	5003	5003	1	21.1 Modèle d'autorité
R-1630	R	5012	5012	3	21.2 Canal et protocole
R-1631	R	5013	5013	1	21.2 Canal et protocole
R-1640	R	5026	5026	1	21.3 Handshake
R-1641	R	5027	5027	1	21.3 Handshake
R-1650	R	5049	5049	1	21.4 Paquets
R-1651	R	5050	5050	1	21.4 Paquets
R-1660	R	5064	5064	1	21.5 Snapshots, quantification, delta
R-1661	R	5065	5065	1	21.5 Snapshots, quantification, delta
R-1662	R	5066	5066	1	21.5 Snapshots, quantification, delta
R-1663	R	5067	5067	1	21.5 Snapshots, quantification, delta
R-1664	R	5068	5068	1	21.5 Snapshots, quantification, delta
R-1670	R	5104	5104	1	21.6 Réplication de la déformation (mécanisme central)
R-1671	R	5105	5105	1	21.6 Réplication de la déformation (mécanisme central)
R-1672	R	5106	5106	1	21.6 Réplication de la déformation (mécanisme central)
R-1673	R	5107	5107	1	21.6 Réplication de la déformation (mécanisme central)
R-1674	R	5108	5108	1	21.6 Réplication de la déformation (mécanisme central)
R-1680	R	5122	5122	1	21.8 Prédiction et réconciliation
R-1681	R	5123	5123	2	21.8 Prédiction et réconciliation
R-1682	R	5124	5124	1	21.8 Prédiction et réconciliation
R-1683	R	5125	5125	1	21.8 Prédiction et réconciliation
R-1690	R	5129	5129	1	21.9 Sécurité réseau
R-1691	R	5130	5130	1	21.9 Sécurité réseau
R-1692	R	5131	5131	1	21.9 Sécurité réseau
R-1693	R	5132	5132	1	21.9 Sécurité réseau
R-1700	R	5196	5196	1	22.1 Ce qui est persisté
R-1701	R	5197	5197	1	22.1 Ce qui est persisté
R-1710	R	5221	5221	1	22.2 Format NBT
R-1711	R	5222	5222	1	22.2 Format NBT
R-1720	R	5233	5233	1	22.3 Sérialisation du champ de déformation
R-1721	R	5234	5234	1	22.3 Sérialisation du champ de déformation
R-1722	R	5235	5235	1	22.3 Sérialisation du champ de déformation
R-1730	R	5247	5247	1	22.4 Chargement et déchargement de chunk
R-1740	R	5292	5292	2	22.5.3 Matrice de comportement (normative)
R-1741	R	5294	5294	1	22.5.3 Matrice de comportement (normative)
R-1742	R	5298	5298	2	22.5.3 Matrice de comportement (normative)
R-1743	R	5262	5262	2	22.5.2 Journal latéral (side-car)
R-1744	R	5268	5268	1	22.5.2 Journal latéral (side-car)
R-1745	R	5272	5272	1	22.5.2 Journal latéral (side-car)
R-1746	R	5276	5276	1	22.5.2 Journal latéral (side-car)
R-1747	R	5301	5301	1	22.5.3 Matrice de comportement (normative)
R-1748	R	5304	5304	1	22.5.3 Matrice de comportement (normative)
R-1749	R	5307	5307	2	22.5.3 Matrice de comportement (normative)
R-1750	R	5345	5345	1	23.1 Principes
R-1751	R	5346	5346	1	23.1 Principes
R-1752	R	5347	5347	1	23.1 Principes
R-1753	R	5348	5348	1	23.1 Principes
R-1754	R	5349	5349	1	23.1 Principes
R-1755	R	5350	5350	1	23.1 Principes
R-1760	R	5472	5472	1	23.2 Surface de l'API
R-1761	R	5473	5473	1	23.2 Surface de l'API
R-1762	R	5474	5474	1	23.2 Surface de l'API
R-1770	R	5492	5492	1	23.3 Points d'extension
R-1771	R	5493	5493	1	23.3 Points d'extension
R-1772	R	5494	5494	1	23.3 Points d'extension
R-1780	R	5581	5581	1	23.4 Schéma de Definition (normatif)
R-1781	R	5582	5582	1	23.4 Schéma de Definition (normatif)
R-1782	R	5583	5583	1	23.4 Schéma de Definition (normatif)
R-1783	R	5584	5584	1	23.4 Schéma de Definition (normatif)
R-1790	R	5588	5588	1	23.5 Contenu de démonstration
R-1800	R	5626	5626	1	24.1 Modules
R-1801	R	5627	5627	1	24.1 Modules
R-1802	R	5628	5628	1	24.1 Modules
R-1810	R	5645	5645	1	24.2 Niveaux de qualité
R-1811	R	5646	5646	1	24.2 Niveaux de qualité
R-1812	R	5647	5647	1	24.2 Niveaux de qualité
R-1820	R	5651	5651	1	24.3 Chargement à la demande
R-1821	R	5652	5652	1	24.3 Chargement à la demande
R-1822	R	5653	5653	1	24.3 Chargement à la demande
R-1830	R	5665	5665	1	24.4 Fichiers de configuration
R-1840	R	5674	5674	1	25.1 Position de principe
R-1850	R	5701	5701	1	25.2 Budgets par défaut
R-1860	R	5732	5732	1	25.4 Double tampon et interpolation
R-1861	R	5733	5733	1	25.4 Double tampon et interpolation
R-1870	R	5742	5742	1	25.5 Détection de dépassement
R-1880	R	5768	5768	1	25.6 Machine de dégradation (SM-02)
R-1890	R	5769	5769	1	25.6 Machine de dégradation (SM-02)
R-1891	R	5770	5770	2	25.6 Machine de dégradation (SM-02)
R-1892	R	5771	5771	1	25.6 Machine de dégradation (SM-02)
R-1900	R	5786	5786	1	25.8 Watchdog
R-1901	R	5787	5787	1	25.8 Watchdog
R-1910	R	5809	5809	1	26.1 Principe
R-1911	R	5810	5810	1	26.1 Principe
R-1912	R	5811	5811	1	26.1 Principe
R-1920	R	5822	5822	1	26.2 Empreinte Mixin (liste fermée)
R-1921	R	5823	5823	2	26.2 Empreinte Mixin (liste fermée)
R-1930	R	5843	5843	2	26.4 Limites documentées
R-1940	R	5857	5857	1	26.5 Mods tiers
R-1941	R	5858	5858	1	26.5 Mods tiers
R-1950	R	5892	5892	1	27.0 Position fondamentale
R-1960	R	5915	5915	1	27.1 Détection
R-1961	R	5916	5916	1	27.1 Détection
R-1962	R	5917	5917	1	27.1 Détection
R-1970	R	5932	5932	1	27.2 Ce que la détection change (et ne change pas)
R-1980	R	5945	5945	2	27.3.1 Classloading
R-1990	R	5955	5953	3	27.3.2 Instrumentation et bytecode
R-2000	R	5967	5967	1	27.3.3 Threads et scheduler
R-2010	R	5971	5971	1	27.3.4 Tick et événements Forge
R-2020	R	5984	5984	2	27.3.5 Mémoire native et bibliothèques
R-2030	R	5988	5988	1	27.3.6 Rendu
R-2040	R	5992	5992	1	27.3.7 Réseau, monde, sauvegarde
R-2050	R	5996	5996	1	27.3.8 Cycle de vie et arrêt
R-2051	R	5997	5997	1	27.3.8 Cycle de vie et arrêt
R-2060	R	6008	6008	1	27.4 Partage du budget CPU
R-2061	R	6009	6009	1	27.4 Partage du budget CPU
R-2062	R	6010	6010	2	27.4 Partage du budget CPU
R-2070	R	6036	6036	1	27.5 Bridge d'interopérabilité optionnel (C-76)
R-2071	R	6037	6037	1	27.5 Bridge d'interopérabilité optionnel (C-76)
R-2072	R	6038	6038	1	27.5 Bridge d'interopérabilité optionnel (C-76)
R-2073	R	6039	6039	1	27.5 Bridge d'interopérabilité optionnel (C-76)
R-2074	R	6042	6042	1	27.5 Bridge d'interopérabilité optionnel (C-76)
R-2075	R	6043	6043	1	27.5 Bridge d'interopérabilité optionnel (C-76)
R-2080	R	6047	6047	1	27.6 Indication de non-transformation
R-2081	R	6048	6048	1	27.6 Indication de non-transformation
R-2082	R	6049	6049	1	27.6 Indication de non-transformation
R-2090	R	6115	6115	1	27.10.1 Mod de simulation (obligatoire, toujours exécuté)
R-2100	R	6119	6119	1	27.10.2 Test avec l'artefact réel (obligatoire quand disponible)
R-2110	R	6160	6160	1	28.1 Surface d'attaque
R-2120	R	6164	6164	1	28.2 Code `unsafe` en Rust
R-2121	R	6165	6165	1	28.2 Code `unsafe` en Rust
R-2122	R	6166	6166	1	28.2 Code `unsafe` en Rust
R-2130	R	6193	6193	1	28.3 Limites dures
R-2131	R	6194	6194	1	28.3 Limites dures
R-2140	R	6210	6210	1	28.4 Confinement des pannes
R-2150	R	6214	6214	1	28.5 Vie privée
R-2160	R	6218	6218	1	28.6 Reproduction d'incident
R-2170	R	6242	6242	1	29.1 Principes
R-2171	R	6243	6243	1	29.1 Principes
R-2172	R	6244	6244	1	29.1 Principes
R-2173	R	6245	6245	1	29.1 Principes
R-2174	R	6246	6246	1	29.1 Principes
R-2180	R	6301	6301	1	29.3 Tests unitaires
R-2190	R	6343	6343	1	29.5 Tests de gameplay et scénarios déclaratifs
R-2200	R	6376	6376	1	29.6 Test de bout en bout obligatoire (T-970)
R-2201	R	6377	6377	1	29.6 Test de bout en bout obligatoire (T-970)
R-2210	R	6401	6401	1	29.7 Tests de stress et d'endurance
R-2220	R	6413	6413	1	29.8 Infrastructure
R-2230	R	6421	6421	1	30.1 Position de principe
R-2231	R	6422	6422	1	30.1 Position de principe
R-2240	R	6472	6472	1	30.3 Méthodologie normative
R-2241	R	6473	6473	1	30.3 Méthodologie normative
R-2242	R	6474	6474	1	30.3 Méthodologie normative
R-2243	R	6475	6475	1	30.3 Méthodologie normative
R-2250	R	6490	6490	1	30.5 Non-régression
R-2251	R	6491	6491	1	30.5 Non-régression
R-2252	R	6492	6492	1	30.5 Non-régression
R-2260	R	6513	6513	1	31.2 Outils
R-2261	R	6514	6514	1	31.2 Outils
R-2262	R	6515	6515	1	31.2 Outils
R-2263	R	6516	6516	1	31.2 Outils
R-2270	R	6522	6522	1	31.3 Mode développeur
R-2280	R	6536	6536	1	31.4 Overlays de debug
R-2290	R	6552	6552	1	32.1 Licence du projet
R-2291	R	6553	6553	1	32.1 Licence du projet
R-2292	R	6554	6554	1	32.1 Licence du projet
R-2300	R	6590	6590	1	32.2 Dépendances Rust
R-2301	R	6591	6591	1	32.2 Dépendances Rust
R-2302	R	6592	6592	1	32.2 Dépendances Rust
R-2310	R	6604	6604	1	32.3 Dépendances Java
R-2320	R	6615	6615	1	32.4 Outillage et SBOM
R-2330	R	6724	6724	2	PARTIE 33 : ARBORESCENCE DU DÉPÔT
R-2331	R	6725	6725	1	PARTIE 33 : ARBORESCENCE DU DÉPÔT
R-2340	R	6782	6782	1	34.1 Chaîne de build
R-2341	R	6783	6783	2	34.1 Chaîne de build
R-2342	R	6784	6784	1	34.1 Chaîne de build
R-2350	R	6837	6837	1	34.3 CI/CD
R-2351	R	6838	6838	1	34.3 CI/CD
R-2352	R	6839	6839	1	34.3 CI/CD
R-2360	R	6861	6861	1	34.4 Versionnement et release
R-2361	R	6862	6862	1	34.4 Versionnement et release
R-2370	R	7130	7130	1	36.3 Hors périmètre — exclu de la V1
R-2380	R	7165	7165	1	36.4 Audit des limitations de la révision 1
R-2390	R	7173	7173	1	37.1 Règles
R-2391	R	7174	7174	1	37.1 Règles
R-2392	R	7175	7175	1	37.1 Règles
R-2393	R	7176	7176	1	37.1 Règles
R-2400	R	8055	8055	1	ANNEXE A.3 — Configuration complète (référence normative)
R-2410	R	8081	8081	1	ANNEXE A.4 — Sources procédurales (liste fermée V1.0)
S-01	S	6382	6382	1	29.7 Tests de stress et d'endurance
S-02	S	6383	6383	1	29.7 Tests de stress et d'endurance
S-03	S	6384	6384	1	29.7 Tests de stress et d'endurance
S-04	S	6385	6385	1	29.7 Tests de stress et d'endurance
S-05	S	6386	6386	1	29.7 Tests de stress et d'endurance
S-06	S	6387	6387	1	29.7 Tests de stress et d'endurance
S-07	S	6388	6388	1	29.7 Tests de stress et d'endurance
S-08	S	6389	6389	1	29.7 Tests de stress et d'endurance
S-09	S	6390	6390	1	29.7 Tests de stress et d'endurance
S-10	S	6391	6391	1	29.7 Tests de stress et d'endurance
S-11	S	6392	6392	1	29.7 Tests de stress et d'endurance
S-12	S	6393	6393	1	29.7 Tests de stress et d'endurance
S-13	S	6394	6394	2	29.7 Tests de stress et d'endurance
S-14	S	6395	6395	1	29.7 Tests de stress et d'endurance
S-15	S	6396	6396	1	29.7 Tests de stress et d'endurance
S-16	S	6397	6397	1	29.7 Tests de stress et d'endurance
S-17	S	6398	6398	2	29.7 Tests de stress et d'endurance
SM-01	SM		1728	2	5.13 C-20 : Asset Orchestrator
SM-02	SM		5744	2	25.6 Machine de dégradation (SM-02)
SM-03	SM		2928	2	9.2 États de node (SM-03)
T-004	T		528	1	2.3 Graphe de dépendances
T-005	T		680	3	PARTIE 3 : MODÈLE DE DONNÉES CANONIQUE
T-006	T		1222	2	3.20 Invariants globaux
T-007	T	5799	1240	6	25.9 Tests
T-010	T		629	1	2.7 Séparation client / serveur
T-011	T		1224	2	3.20 Invariants globaux
T-012	T		1225	3	3.20 Invariants globaux
T-013	T		1226	3	3.20 Invariants globaux
T-014	T		1227	2	3.20 Invariants globaux
T-015	T		1228	2	3.20 Invariants globaux
T-016	T		1229	5	3.20 Invariants globaux
T-017	T		1230	2	3.20 Invariants globaux
T-018	T		1231	2	3.20 Invariants globaux
T-019	T		1233	2	3.20 Invariants globaux
T-020	T		1485	2	5.1 C-01 : Forge Integration
T-021	T		1539	2	5.4 C-04 : Configuration
T-022	T		1547	2	5.5 C-05 : Diagnostics & Logging
T-023	T		1550	2	5.5 C-05 : Diagnostics & Logging
T-024	T	5869	5822	2	26.6 Tests
T-100	T		1492	2	5.1 C-01 : Forge Integration
T-103	T		1492	2	5.1 C-01 : Forge Integration
T-110	T		1513	2	5.2 C-02 : Bootstrap
T-114	T		1513	2	5.2 C-02 : Bootstrap
T-120	T		1527	2	5.3 C-03 : Native Loader
T-124	T		1527	2	5.3 C-03 : Native Loader
T-130	T		1543	2	5.4 C-04 : Configuration
T-133	T		1543	2	5.4 C-04 : Configuration
T-140	T		1552	1	5.5 C-05 : Diagnostics & Logging
T-141	T		1552	1	5.5 C-05 : Diagnostics & Logging
T-150	T		1569	2	5.6 C-10 : Native Core
T-152	T		1569	2	5.6 C-10 : Native Core
T-160	T		1579	1	5.7 C-11 : Math
T-162	T		1579	1	5.7 C-11 : Math
T-170	T		1591	2	5.8 C-12 : Job System
T-173	T		1591	2	5.8 C-12 : Job System
T-180	T		1606	1	5.9 C-13 : Memory / Arenas
T-181	T		1606	1	5.9 C-13 : Memory / Arenas
T-190	T		1614	1	5.10 C-14 : FFI Bridge
T-191	T		1614	1	5.10 C-14 : FFI Bridge
T-200	T		1622	1	5.11 C-15 : Telemetry natif
T-201	T		1622	1	5.11 C-15 : Telemetry natif
T-210	T		1750	2	5.13 C-20 : Asset Orchestrator
T-214	T		1750	2	5.13 C-20 : Asset Orchestrator
T-220	T		1775	2	5.14 C-21 : Importers
T-226	T		1775	2	5.14 C-21 : Importers
T-230	T		1803	2	5.15 C-22 : Asset Validator
T-233	T		1803	2	5.15 C-22 : Asset Validator
T-240	T		1827	2	5.16 C-23 : Asset Optimizer
T-243	T		1825	1	5.16 C-23 : Asset Optimizer
T-244	T		1827	2	5.16 C-23 : Asset Optimizer
T-250	T		1833	3	5.17 C-24 : Conteneur A3D
T-253	T		1833	3	5.17 C-24 : Conteneur A3D
T-260	T		1847	2	5.18 C-25 : Asset Cache
T-263	T		1847	2	5.18 C-25 : Asset Cache
T-270	T		1865	1	5.19 C-26 : Textures & Matériaux (client)
T-273	T		1865	1	5.19 C-26 : Textures & Matériaux (client)
T-280	T		1888	2	5.20 C-27 : Definitions data-driven
T-284	T		1888	2	5.20 C-27 : Definitions data-driven
T-290	T		1989	2	5.22 C-30 : Scene Graph
T-292	T		1989	2	5.22 C-30 : Scene Graph
T-300	T		2014	2	5.23 C-31 : Physics World
T-307	T		2014	1	5.23 C-31 : Physics World
T-310	T		2025	1	5.24 C-32 : Collider Builder
T-312	T		2025	2	5.24 C-32 : Collider Builder
T-320	T	3358	2031	3	12.9 Tests véhicules
T-321	T	3359	3359	1	12.9 Tests véhicules
T-322	T	3360	3360	1	12.9 Tests véhicules
T-323	T	3361	3361	1	12.9 Tests véhicules
T-324	T	3362	3362	1	12.9 Tests véhicules
T-325	T	3363	3363	1	12.9 Tests véhicules
T-326	T	3364	3364	1	12.9 Tests véhicules
T-327	T	3365	3365	1	12.9 Tests véhicules
T-328	T	3366	3366	1	12.9 Tests véhicules
T-329	T	3367	2031	3	12.9 Tests véhicules
T-330	T		2043	2	5.26 C-34 : Joints & Constraints
T-334	T		2043	2	5.26 C-34 : Joints & Constraints
T-340	T		2049	1	5.27 C-35 : Damage Model
T-349	T		2049	1	5.27 C-35 : Damage Model
T-350	T	4422	2055	3	17.8 Tests
T-351	T	4423	4423	1	17.8 Tests
T-352	T	4424	4424	1	17.8 Tests
T-353	T	4425	4425	1	17.8 Tests
T-354	T	4426	4426	1	17.8 Tests
T-355	T	4427	4427	1	17.8 Tests
T-356	T	4428	4428	1	17.8 Tests
T-357	T	4429	2055	3	17.8 Tests
T-360	T	4564	2061	4	18.7 Tests
T-361	T	4565	4565	1	18.7 Tests
T-362	T	4566	4566	1	18.7 Tests
T-363	T	4567	4567	1	18.7 Tests
T-364	T		4567	1	18.7 Tests
T-365	T	4568	4568	1	18.7 Tests
T-366	T	4569	4569	1	18.7 Tests
T-367	T	4570	4570	1	18.7 Tests
T-368	T	4571	2061	3	18.7 Tests
T-370	T		2080	2	5.30 C-38 : World Collision Provider
T-375	T		2080	2	5.30 C-38 : World Collision Provider
T-380	T		2090	2	5.31 C-39 : Spatial Queries
T-384	T		2090	2	5.31 C-39 : Spatial Queries
T-390	T		2120	1	5.32 C-40 : Simulation Scheduler
T-392	T		2120	1	5.32 C-40 : Simulation Scheduler
T-400	T		2278	2	5.41 C-50 : Axion Entity
T-404	T		2278	2	5.41 C-50 : Axion Entity
T-410	T	5147	2284	3	21.11 Tests
T-411	T	5148	5148	1	21.11 Tests
T-412	T	5149	5149	1	21.11 Tests
T-413	T	5150	5150	1	21.11 Tests
T-414	T	5151	5151	1	21.11 Tests
T-415	T	5152	5152	2	21.11 Tests
T-416	T	5153	5153	1	21.11 Tests
T-417	T	5154	1223	4	21.11 Tests
T-418	T	5155	5155	1	21.11 Tests
T-419	T	5156	5156	1	21.11 Tests
T-420	T	5157	5157	1	21.11 Tests
T-421	T	5158	5158	1	21.11 Tests
T-422	T	5159	5159	1	21.11 Tests
T-423	T	5160	5160	1	21.11 Tests
T-424	T	5161	5161	1	21.11 Tests
T-425	T	5162	2284	3	21.11 Tests
T-430	T	5314	2290	3	22.6 Tests
T-431	T	5315	5315	1	22.6 Tests
T-432	T	5316	5316	1	22.6 Tests
T-433	T	5317	5317	1	22.6 Tests
T-434	T	5318	5318	1	22.6 Tests
T-435	T	5319	1232	4	22.6 Tests
T-436	T	5320	5320	1	22.6 Tests
T-437	T	5321	2290	3	22.6 Tests
T-440	T		2308	2	5.44 C-53 : Interaction & Sièges
T-442	T		1223	2	3.20 Invariants globaux
T-444	T		2308	2	5.44 C-53 : Interaction & Sièges
T-450	T		2316	2	5.45 C-54 : Bloc & BlockEntity 3D
T-452	T		2316	2	5.45 C-54 : Bloc & BlockEntity 3D
T-460	T		2324	2	5.46 C-55 : Item 3D
T-462	T		2324	2	5.46 C-55 : Item 3D
T-470	T	4868	2330	3	19.13 Tests de rendu
T-471	T	4869	4869	1	19.13 Tests de rendu
T-472	T	4870	4870	1	19.13 Tests de rendu
T-473	T	4871	4871	1	19.13 Tests de rendu
T-474	T	4872	4872	2	19.13 Tests de rendu
T-475	T	4873	4873	1	19.13 Tests de rendu
T-476	T		4873	1	19.13 Tests de rendu
T-477	T	4874	4874	1	19.13 Tests de rendu
T-478	T	4875	4875	1	19.13 Tests de rendu
T-479	T	4876	4876	2	19.13 Tests de rendu
T-480	T	4877	4877	2	19.13 Tests de rendu
T-481	T	4878	4878	1	19.13 Tests de rendu
T-482	T	4879	4879	1	19.13 Tests de rendu
T-483	T	4880	4880	1	19.13 Tests de rendu
T-484	T	4881	4881	1	19.13 Tests de rendu
T-485	T	4882	2330	2	19.13 Tests de rendu
T-490	T		2346	2	5.48 C-61 : Backend VANILLA_CONSUMER
T-491	T		2346	2	5.48 C-61 : Backend VANILLA_CONSUMER
T-492	T		2346	1	5.48 C-61 : Backend VANILLA_CONSUMER
T-493	T		2346	2	5.48 C-61 : Backend VANILLA_CONSUMER
T-500	T		2363	2	5.49 C-62 : GPU Resource Manager
T-503	T		2363	2	5.49 C-62 : GPU Resource Manager
T-510	T		2373	2	5.50 C-63 : Matériaux & Shaders
T-512	T		2373	2	5.50 C-63 : Matériaux & Shaders
T-520	T		2392	2	5.51 C-64 : Culling & LOD
T-524	T		2392	2	5.51 C-64 : Culling & LOD
T-530	T		2409	2	5.52 C-65 : Instancing & Batching
T-533	T		2409	2	5.52 C-65 : Instancing & Batching
T-540	T		2423	2	5.53 C-66 : Skinning GPU
T-542	T		2423	2	5.53 C-66 : Skinning GPU
T-550	T		2431	2	5.54 C-67 : Debug Renderer
T-551	T		2429	4	5.54 C-67 : Debug Renderer
T-560	T		2470	1	5.58 C-71 : Commandes
T-562	T		2470	1	5.58 C-71 : Commandes
T-570	T		2482	2	5.60 C-73 : Overlay diagnostics
T-580	T		2500	2	5.61 C-74 : CLI `axion-cli`
T-590	T		1833	3	5.17 C-24 : Conteneur A3D
T-591	T		1833	3	5.17 C-24 : Conteneur A3D
T-600	T		2877	2	8.3 Addon Blender (C-75)
T-602	T		2877	2	8.3 Addon Blender (C-75)
T-610	T		2973	1	9.5 Instanciation et partage
T-612	T		1989	1	5.22 C-30 : Scene Graph
T-613	T		2973	1	9.5 Instanciation et partage
T-620	T		3083	1	10.9 Déterminisme
T-622	T		3083	1	10.9 Déterminisme
T-630	T		5597	2	23.5 Contenu de démonstration
T-634	T		5597	2	23.5 Contenu de démonstration
T-640	T	5792	5792	1	25.9 Tests
T-641	T	5793	5793	1	25.9 Tests
T-642	T	5794	5794	1	25.9 Tests
T-643	T	5795	5795	1	25.9 Tests
T-644	T	5796	5796	1	25.9 Tests
T-645	T	5797	5797	1	25.9 Tests
T-646	T	5798	5798	1	25.9 Tests
T-650	T	5863	5863	2	26.6 Tests
T-651	T	5864	5864	1	26.6 Tests
T-652	T	5865	5865	1	26.6 Tests
T-653	T	5866	5866	1	26.6 Tests
T-654	T	5867	5867	1	26.6 Tests
T-655	T	5868	5868	1	26.6 Tests
T-656	T	5870	5870	2	26.6 Tests
T-660	T	6125	6125	4	27.10.3 Matrice
T-661	T	6126	5984	2	27.10.3 Matrice
T-662	T	6127	6127	1	27.10.3 Matrice
T-663	T	6128	5932	3	27.10.3 Matrice
T-664	T	6129	6129	1	27.10.3 Matrice
T-665	T	6130	6130	1	27.10.3 Matrice
T-666	T	6131	6131	1	27.10.3 Matrice
T-667	T	6132	6132	1	27.10.3 Matrice
T-668	T	6133	5971	2	27.10.3 Matrice
T-669	T	6134	6134	1	27.10.3 Matrice
T-670	T	6135	6135	1	27.10.3 Matrice
T-671	T	6136	6136	4	27.10.3 Matrice
T-672	T	6138	6138	6	27.10.3 Matrice
T-673	T	6139	6139	1	27.10.3 Matrice
T-674	T	6140	6140	1	27.10.3 Matrice
T-675	T	6141	6141	4	27.10.3 Matrice
T-676	T	6137	6137	5	27.10.3 Matrice
T-680	T	6223	6223	2	28.7 Tests
T-681	T	6224	6224	1	28.7 Tests
T-682	T	6225	6225	1	28.7 Tests
T-683	T	6226	6226	1	28.7 Tests
T-684	T	6227	6227	1	28.7 Tests
T-685	T	6228	6228	1	28.7 Tests
T-686	T	6229	6229	1	28.7 Tests
T-687	T	6230	6230	1	28.7 Tests
T-688	T	6231	6231	1	28.7 Tests
T-689	T	6232	6232	1	28.7 Tests
T-690	T	6233	6233	1	28.7 Tests
T-691	T	6234	6234	2	28.7 Tests
T-700	T		6542	1	31.5 Reproduction
T-702	T		6522	1	31.3 Mode développeur
T-703	T		6542	1	31.5 Reproduction
T-710	T		6784	2	34.1 Chaîne de build
T-713	T		1232	4	3.20 Invariants globaux
T-714	T		6888	1	34.6 Test d'installation propre (obligatoire avant release)
T-800	T		1803	4	5.15 C-22 : Asset Validator
T-801	T		1827	2	5.16 C-23 : Asset Optimizer
T-802	T		151	2	0.4 Identifiants normatifs
T-803	T		1967	1	5.21 C-28 : Compilateur de déformation et de structure
T-804	T		1967	1	5.21 C-28 : Compilateur de déformation et de structure
T-805	T		1967	1	5.21 C-28 : Compilateur de déformation et de structure
T-806	T		1967	1	5.21 C-28 : Compilateur de déformation et de structure
T-807	T		1967	1	5.21 C-28 : Compilateur de déformation et de structure
T-808	T	3904	1237	8	14.13 Tests
T-809	T	3908	1239	4	14.13 Tests
T-810	T	3909	2437	3	14.13 Tests
T-811	T	3910	3910	1	14.13 Tests
T-812	T	3911	3701	2	14.13 Tests
T-813	T	3912	3912	1	14.13 Tests
T-814	T	3913	3913	1	14.13 Tests
T-815	T	3914	3914	1	14.13 Tests
T-816	T	3916	2437	3	14.13 Tests
T-817	T	3917	2500	2	14.13 Tests
T-818	T	3918	3918	1	14.13 Tests
T-819	T	3923	3923	2	14.13 Tests
T-820	T	3924	1235	8	14.13 Tests
T-821	T	3925	1722	3	14.13 Tests
T-822	T	3926	1722	4	14.13 Tests
T-823	T	3927	2284	3	14.13 Tests
T-824	T	3928	3928	2	14.13 Tests
T-825	T	3929	1236	4	14.13 Tests
T-826	T	3930	1223	5	14.13 Tests
T-827	T	3931	2120	2	14.13 Tests
T-828	T	3932	2184	5	14.13 Tests
T-829	T	5166	5166	1	21.11 Tests
T-830	T		2049	4	5.27 C-35 : Damage Model
T-831	T		2174	1	5.33 C-41 : Impact Solver
T-832	T		2174	1	5.33 C-41 : Impact Solver
T-833	T		2174	1	5.33 C-41 : Impact Solver
T-834	T		2174	1	5.33 C-41 : Impact Solver
T-835	T		2174	2	5.33 C-41 : Impact Solver
T-836	T	3552	2278	2	13.7 Tests
T-837	T	3553	3452	2	13.7 Tests
T-838	T	3554	3554	1	13.7 Tests
T-839	T	3555	2049	2	13.7 Tests
T-840	T		3180	1	11.4 Mappage bloc → matériau
T-841	T		3180	1	11.4 Mappage bloc → matériau
T-842	T		3180	1	11.4 Mappage bloc → matériau
T-843	T	3556	3556	1	13.7 Tests
T-844	T	3557	3557	1	13.7 Tests
T-845	T	3558	3558	1	13.7 Tests
T-846	T	3559	3559	1	13.7 Tests
T-847	T	3560	3560	1	13.7 Tests
T-848	T	3561	3561	2	13.7 Tests
T-849	T	3562	3562	2	13.7 Tests
T-850	T	4147	1803	4	15.7 Tests
T-851	T	3933	3933	2	14.13 Tests
T-852	T	3934	3934	1	14.13 Tests
T-853	T	3935	3935	1	14.13 Tests
T-854	T	3936	3936	1	14.13 Tests
T-855	T	3937	1234	4	14.13 Tests
T-856	T	3938	2090	2	14.13 Tests
T-857	T	3939	3939	1	14.13 Tests
T-858	T	3940	2204	3	14.13 Tests
T-859	T	3941	2190	3	14.13 Tests
T-860	T	4148	2196	2	15.7 Tests
T-861	T	4149	4149	1	15.7 Tests
T-862	T	4150	4150	1	15.7 Tests
T-863	T	4151	4151	1	15.7 Tests
T-864	T	4152	4152	1	15.7 Tests
T-865	T	4153	4125	2	15.7 Tests
T-866	T	4154	4154	1	15.7 Tests
T-867	T	4155	4155	1	15.7 Tests
T-868	T	4156	4156	1	15.7 Tests
T-869	T	4157	2196	3	15.7 Tests
T-870	T		1865	5	5.19 C-26 : Textures & Matériaux (client)
T-871	T		2240	1	5.39 C-47 : Surface State & Wear
T-872	T		2240	1	5.39 C-47 : Surface State & Wear
T-873	T		2240	1	5.39 C-47 : Surface State & Wear
T-874	T		2240	1	5.39 C-47 : Surface State & Wear
T-875	T		2240	1	5.39 C-47 : Surface State & Wear
T-876	T		2316	2	5.45 C-54 : Bloc & BlockEntity 3D
T-877	T		2324	2	5.46 C-55 : Item 3D
T-878	T		2470	1	5.58 C-71 : Commandes
T-879	T	4167	2443	4	15.7 Tests
T-880	T	4240	2210	3	16.4 Remplacement de part
T-881	T	4241	4241	1	16.4 Remplacement de part
T-882	T	4242	4242	1	16.4 Remplacement de part
T-883	T	4243	4243	1	16.4 Remplacement de part
T-884	T	4244	2290	3	16.4 Remplacement de part
T-885	T	4245	4245	1	16.4 Remplacement de part
T-886	T	4246	4246	1	16.4 Remplacement de part
T-887	T	4247	4247	1	16.4 Remplacement de part
T-888	T	4248	4248	1	16.4 Remplacement de part
T-889	T	4249	2210	3	16.4 Remplacement de part
T-890	T		2265	2	5.40 C-48 : Attachment System
T-891	T		2265	1	5.40 C-48 : Attachment System
T-892	T		2265	1	5.40 C-48 : Attachment System
T-893	T		2265	1	5.40 C-48 : Attachment System
T-894	T		2265	1	5.40 C-48 : Attachment System
T-895	T		2265	2	5.40 C-48 : Attachment System
T-900	T	4883	2330	3	19.13 Tests de rendu
T-901	T	4884	2346	3	19.13 Tests de rendu
T-902	T	4886	2346	2	19.13 Tests de rendu
T-903	T	4887	2363	2	19.13 Tests de rendu
T-904	T	4888	2373	2	19.13 Tests de rendu
T-905	T	4889	2373	2	19.13 Tests de rendu
T-906	T	4890	2392	2	19.13 Tests de rendu
T-907	T	4891	2409	2	19.13 Tests de rendu
T-908	T	4892	2423	2	19.13 Tests de rendu
T-909	T	4893	2431	2	19.13 Tests de rendu
T-910	T	4894	2437	4	19.13 Tests de rendu
T-911	T	4896	4896	1	19.13 Tests de rendu
T-912	T	4897	4897	1	19.13 Tests de rendu
T-913	T	4898	2437	2	19.13 Tests de rendu
T-914	T	4899	2443	3	19.13 Tests de rendu
T-915	T	4900	4900	1	19.13 Tests de rendu
T-916	T	4901	2443	3	19.13 Tests de rendu
T-917	T	4902	2551	2	19.13 Tests de rendu
T-918	T	4903	4903	1	19.13 Tests de rendu
T-919	T	4904	2330	3	19.13 Tests de rendu
T-920	T	4905	2557	2	19.13 Tests de rendu
T-921	T	4906	4906	1	19.13 Tests de rendu
T-922	T	4907	2557	2	19.13 Tests de rendu
T-923	T	4908	2563	2	19.13 Tests de rendu
T-924	T	4909	4909	1	19.13 Tests de rendu
T-925	T	4910	4785	2	19.13 Tests de rendu
T-926	T	4911	2563	2	19.13 Tests de rendu
T-927	T	4912	2569	3	19.13 Tests de rendu
T-928	T	4913	4823	2	19.13 Tests de rendu
T-929	T	4914	2569	3	19.13 Tests de rendu
T-930	T	4430	2055	3	17.8 Tests
T-931	T	4431	4431	1	17.8 Tests
T-932	T	4432	4432	1	17.8 Tests
T-933	T	4433	4433	1	17.8 Tests
T-934	T	4434	4434	1	17.8 Tests
T-935	T	4435	4435	1	17.8 Tests
T-936	T	4436	4436	1	17.8 Tests
T-937	T	4437	4437	1	17.8 Tests
T-938	T	4438	4438	1	17.8 Tests
T-940	T		2877	2	8.3 Addon Blender (C-75)
T-941	T		2877	2	8.3 Addon Blender (C-75)
T-945	T	4450	2055	3	17.8 Tests
T-950	T	4572	2043	3	18.7 Tests
T-951	T	4573	4573	1	18.7 Tests
T-952	T	4574	4574	1	18.7 Tests
T-953	T	4575	2043	2	18.7 Tests
T-954	T	4576	2973	2	18.7 Tests
T-955	T	4577	4577	1	18.7 Tests
T-956	T	4578	4578	1	18.7 Tests
T-957	T	4579	2308	2	18.7 Tests
T-958	T	4580	4580	1	18.7 Tests
T-959	T	4581	2061	2	18.7 Tests
T-960	T	3368	3368	1	12.9 Tests véhicules
T-961	T	3369	3369	1	12.9 Tests véhicules
T-962	T	3370	3370	1	12.9 Tests véhicules
T-963	T	3371	3371	1	12.9 Tests véhicules
T-970	T		5597	9	23.5 Contenu de démonstration
T-971	T		6377	7	29.6 Test de bout en bout obligatoire (T-970)
T-980	T		2482	3	5.60 C-73 : Overlay diagnostics
T-981	T		2543	1	5.64 C-77 : Gouverneur de qualité
T-982	T		2543	1	5.64 C-77 : Gouverneur de qualité
T-983	T		2543	3	5.64 C-77 : Gouverneur de qualité
T-984	T		2543	3	5.64 C-77 : Gouverneur de qualité
T-999	T		7646	1	38.7 Registre des changements de la révision 2
